{"cameraMode":{"drawMode":0,"name":"Shaded","section":"Shading Mode"},"sceneLighting":true,"audioPlay":false,"sceneViewState":{"showFog":true,"showMaterialUpdate":false,"showSkybox":true,"showFlares":true,"showImageEffects":true,"showParticleSystems":true,"showVisualEffectGraphs":true,"m_FxEnabled":true},"in2DMode":false,"pivot":{"x":587.5275268554688,"y":270.16156005859377,"z":-442.6877136230469},"rotation":{"x":-0.004190463572740555,"y":0.0014950820477679372,"z":0.0000058922937569150239,"w":0.9999832510948181},"size":9.016883850097657,"orthographic":false}