{"cameraMode":{"drawMode":0,"name":"Shaded","section":"Shading Mode"},"sceneLighting":false,"audioPlay":false,"sceneViewState":{"showFog":true,"showMaterialUpdate":false,"showSkybox":false,"showFlares":true,"showImageEffects":true,"showParticleSystems":true,"showVisualEffectGraphs":true,"m_FxEnabled":true},"in2DMode":false,"pivot":{"x":0.013265252113342286,"y":0.024033524096012117,"z":0.07509301602840424},"rotation":{"x":-0.11545252799987793,"y":-0.7396023273468018,"z":0.13137727975845338,"w":-0.6498494744300842},"size":0.1732051968574524,"orthographic":false}